book_id,recommended_books
33439,33440 33436 33442 33437 33438
1537,1555 41675 1540 1549 1538
32330,32328 32329 18603 253 37646
24010,16806 37467 10200 9338 25903
6544,6536 6542 15859 6537 17947
1365,1363 1368 1327 1367 13425
3774,2551 3769 12522 3770 45536
45161,6329 44520 17947 44528 11069
34506,34497 34507 34504 41899 10572
12564,11226 17947 25419 44882 1982
5089,3870 32160 17947 32155 32165
26327,27537 27540 5766 15023 5528
15438,36768 45259 25903 37467 36946
14693,15580 10760 15577 33490 28735
36953,36956 36958 36952 41258 36768
22802,22817 22801 22786 22816 22820
702,36768 45259 25903 16726 24598
40360,40329 6426 6856 40314 11777
32121,32125 36768 27416 36946 9338
10654,22242 11372 31181 44879 10655
36859,16021 36768 36946 3351 9337
7781,330 7769 7793 7772 7791
6980,24711 7220 6981 6984 40090
12113,12120 12118 12116 12117 19176
42533,42536 7101 42529 10445 7103
9632,24832 9623 9622 40694 9626
5084,28881 29044 5364 7445 19057
37774,37773 37772 17112 8891 8889
12301,17233 12299 12302 12297 32094
12099,12095 43440 44470 17947 12458
44312,6505 12769 23203 23201 23461
38670,38664 38667 38669 38787 38786
32350,32353 24345 34852 5766 11033
27333,37380 37186 7445 29044 19063
21328,21324 21329 21330 21325 21327
23011,23003 23009 5755 34789 29442
935,4620 22277 22278 30413 931
42410,36768 12712 9337 28467 10200
21498,21494 37169 37170 21508 21493
12789,17947 25419 36853 39580 20957
15529,15521 3056 20117 3053 3055
12412,17947 25419 34229 1419 30010
537,15806 538 27092 539 22889
6553,6562 6557 6556 6572 6568
35439,36768 25903 37467 30080 1302
13881,13867 13814 43910 13871 43915
40004,32419 43416 17947 33557 25419
3841,13688 3840 12186 9442 17158
37538,37536 37539 1752 1761 1479
24761,2811 40526 40530 40528 201
9330,9327 17947 9288 3301 25419
43390,17947 25419 39580 25426 38804
17236,33532 17238 35258 42763 11406
1022,32884 33836 11990 35757 27473
12074,22095 40484 43368 39392 9427
40630,17947 25419 39580 38804 2560
7672,7661 2696 7668 7733 7679
28202,10701 20410 3388 44925 28769
39784,5766 36768 5863 13964 25780
13931,13930 13927 13923 13925 45251
16575,17224 17947 6550 44958 25419
17174,22322 42579 2873 17020 5055
34835,36768 42758 44705 27416 12712
25246,1703 19512 37539 13423 14487
32950,36768 37877 30651 44705 15186
333,36768 16806 45259 28467 37467
28061,17947 20957 25419 39580 25426
7011,7009 33158 18446 33155 12939
20237,20235 205 20238 20240 20234
2877,28617 36768 2871 1302 27416
8951,8967 8960 31994 21248 17947
32591,32592 32590 32588 32584 9723
33880,14981 33883 14281 17947 33888
32986,18874 18807 29222 20394 27310
7815,19063 6288 6334 7445 40440
45255,45251 17947 25419 36853 17830
43630,42864 42869 26525 42862 44644
18315,18314 9125 19396 9122 32386
11044,11037 18362 18366 18361 18349
1771,26436 39571 26449 9438 38656
3582,3583 3581 10147 4465 17947
165,45201 19503 45194 20423 29964
26093,28635 26097 35760 41154 28637
6956,5585 3113 4698 7580 29993
1377,1387 1796 32780 1374 1373
30361,30373 30385 30358 30379 30354
9299,9300 22718 22745 9301 22733
17323,5766 36768 37877 11854 37467
21200,19552 17947 25419 39580 20957
2034,17947 25419 36853 39580 20957
22835,23686 23693 32186 23685 23689
34523,28769 15735 35811 41117 24762
32434,32456 32426 32437 16431 21352
20694,25419 17947 24814 39580 20957
5158,30651 16185 3351 41044 30080
38529,38562 38548 17224 2843 36853
38572,36768 29320 3351 15186 36946
4329,33498 33490 36319 33496 33497
25016,25013 42891 7955 16148 34641
6539,6537 6534 6541 6536 15859
36333,30651 36768 25903 15186 12712
22390,22360 22355 17947 23753 25419
5599,21119 37272 5598 5671 29378
20781,21342 142 144 39339 43073
35287,35288 22861 14049 31185 25150
29920,26175 29923 29922 44470 13211
21543,21534 32506 21538 21536 32500
44734,871 9326 869 23506 9325
28929,36768 15186 24749 28467 30080
22724,22718 22727 11643 22725 22726
31891,31916 41092 12560 13423 1558
37027,33868 17947 25419 39580 20957
40710,7520 37052 871 6003 30230
17582,5635 17947 5697 16965 25419
45487,45485 45486 45480 27299 43755
2802,18667 2804 37272 8362 18660
41595,41602 8093 1856 42634 12288
33144,15379 41044 37467 44705 15186
39304,37340 39309 39308 39302 39307
3290,3291 16562 16532 5207 3293
40549,36768 24749 27416 28467 9338
24807,22095 26994 13285 26401 3651
1427,1431 1428 6976 9844 10073
7779,11301 7784 7786 7769 7788
45037,45041 45046 31678 31669 14927
34295,41952 34307 41044 1302 3351
29486,31004 33993 41044 9337 30080
11765,403 406 28701 11766 11767
23827,17947 32823 25419 12375 17830
13521,18943 6976 9844 10073 15858
7053,7037 7041 28184 7058 7035
14535,337 2895 2896 9577 14551
41698,41710 41697 34596 41717 41696
15464,15428 15449 15468 15466 15518
57,63 58 41378 28807 5766
10148,10147 3581 4465 3597 3583
43332,41489 43343 41486 43335 43331
23563,23558 5766 40030 15066 23573
9594,9602 9936 15734 9603 28134
43889,10572 8127 7126 39988 21787
2619,18251 18253 16151 10552 2626
8840,39022 8848 28865 26216 25708
19088,19083 26384 9438 19134 19072
23194,15763 17947 25419 19788 33577
18736,37083 2735 14326 1242 3446
24215,17334 37424 17947 17830 19788
24062,24040 24064 24065 16063 24073
27626,4964 17947 16285 25419 955
41451,8086 17947 25419 3424 39580
12623,12645 12615 23625 123 38344
25355,23524 27438 11520 17947 18261
28988,28991 36768 37426 28282 44705
23814,10570 10566 32692 22076 5356
41573,6329 44520 17947 44528 11069
14684,14666 28409 39046 5766 16647
15584,15582 15581 22438 22434 28025
3438,43010 3439 3437 1620 40526
22061,22060 16987 36768 11854 27416
5821,19496 3765 3750 18455 17039
29159,29151 29150 29153 29155 29154
18240,18245 18243 18246 18384 658
27719,21266 17947 14485 25419 25741
8930,8931 14456 39823 21874 21906
27769,15691 27779 15690 27776 27780
30597,15881 2 18405 11588 5907
13104,13107 13106 31219 31220 35903
5309,5310 17947 25419 39580 20957
28910,33608 4408 4411 5307 18449
17837,13674 17828 13677 18816 17947
27851,27843 27842 27847 28466 34852
37261,37262 37266 37264 19983 12803
1823,37471 1894 24580 10836 24581
11432,11436 11430 35332 11433 11428
14605,17947 25419 2560 16898 23318
25103,23753 23552 25104 39829 25106
39103,24836 36195 1571 40128 27423
6678,6667 11069 45159 6329 45568
40789,17947 25419 13076 17830 19788
33953,36361 11854 36768 31880 30080
1005,11566 15196 11138 10987 15195
19084,36768 12712 36946 15186 1302
25794,38385 26759 38379 36768 42808
28666,28660 28664 28658 28674 28670
45102,45101 45112 45113 30 24812
181,177 201 2815 2814 2819
8726,23816 13257 29724 12350 11286
8583,8545 8557 8529 8572 8537
43456,43488 43454 43459 43490 43484
20932,29185 20934 36768 34706 31105
13152,43641 10964 3636 14497 4407
32765,28948 25744 25741 25743 17947
31335,43799 31333 43781 43828 31331
30923,36768 30658 27416 36946 8880
34708,17947 37055 39580 25419 17277
16425,16312 31299 16334 16330 16307
41363,17947 313 25419 39580 20957
25257,41907 17947 3316 41911 39580
8359,11880 30364 4050 5766 39392
39774,38496 28631 2661 17947 38504
3762,3750 3765 19496 34771 29960
12254,1796 1374 32780 1375 1373
34833,36768 24749 37467 9337 10200
31040,32160 32165 32155 17947 25419
2847,20264 7089 36768 34578 5766
23966,23963 23964 8761 15650 41044
4933,4940 7119 7118 7135 18822
5427,22135 22133 43380 6549 5402
941,10200 36768 16806 3351 1302
2152,6976 28467 41044 24749 16806
26229,36768 33581 9338 9337 28467
36025,36028 42051 20954 8362 1595
26768,44585 19179 8174 5766 43343
11492,34892 36768 25903 10200 45259
16059,16063 12712 41044 45259 9337
43949,38827 8862 41780 33821 394
22947,27881 22948 27885 22945 27236
31166,36946 27416 37467 36768 15186
12240,17947 32823 25419 39580 20957
1177,36768 15186 12712 1302 27416
6689,6310 2 5907 15881 7613
34449,9550 34473 34463 34468 34480
23758,23757 17947 19803 313 20954
33445,33440 33436 33437 33438 33442
45630,21710 27813 36768 21783 16717
31303,16334 16352 36768 5766 12712
24546,24565 24568 24566 17947 25419
22950,22951 22948 27881 22945 27885
30551,43377 43370 43376 43399 43380
3061,19596 3065 43564 12328 6781
22967,22966 22969 17947 25419 2560
7656,37683 4382 40694 9623 24832
28289,36768 15186 27416 36946 10200
10873,16806 41044 36946 9337 24749
32262,40482 32256 32257 32255 32254
5371,5370 42157 30510 13823 30429
32714,13446 26211 1169 10575 10570
10000,9997 31153 28427 10004 32437
20749,37976 38804 32823 25419 17947
16186,16182 16188 32181 16185 16187
35826,35827 35825 36768 5766 41258
30165,13314 1850 30162 11481 12984
22027,36768 9337 24749 16806 36946
16670,36137 12522 7453 22166 14378
12589,12581 12582 12583 18517 12586
31822,31904 31826 25495 20944 27170
4683,4681 4682 4680 4685 40284
9717,28186 3636 10917 28187 4989
23913,17947 25419 36492 39707 30230
43371,43399 43377 43378 3693 43370
1366,1363 1362 1368 1367 40003
6815,42438 17039 27788 36266 5766
9903,29941 9908 944 18217 3918
13618,2887 13619 2886 13620 13621
29947,19125 13552 29953 1518 29949
5824,19496 3765 18455 16276 22095
19885,36768 45259 15186 1302 30080
25713,25711 41856 8645 33015 2204
23300,10546 26666 23314 23303 11406
8924,8927 40022 40023 4465 3597
9534,9532 40291 7972 7973 7967
11101,5766 23037 4657 42579 3536
28530,36768 28468 11854 29185 45259
3635,35561 17947 25419 2560 16898
8150,17947 313 39580 25419 7807
7811,24725 24723 24727 14054 24753
39526,44836 40030 1164 7071 36768
40487,45617 8285 45623 41369 19293
11383,25148 41203 27315 30675 11751
2912,8889 36768 2167 5766 18837
31878,31813 36768 1302 3351 9338
7102,7103 33064 40012 30258 39000
21152,21151 12951 10174 24591 36397
12468,12467 11557 840 5932 11541
17315,25320 44399 19298 16480 4417
9904,10205 17947 29841 9444 11439
35515,35519 35514 17947 39580 25419
37700,24218 24220 17722 38686 13238
8811,8813 8810 8814 8822 8809
28689,28698 28691 2046 3413 8
38169,1052 37186 5211 28881 5364
5800,5799 28730 24910 21783 14430
30390,30358 30352 30385 30410 30354
6619,313 36399 17947 25419 39580
17781,26051 40491 26046 31313 43755
45511,45515 45516 24530 36768 40706
2823,12315 2822 2821 2820 24257
35427,35419 35428 35406 35454 20891
19043,4144 33978 15425 7240 43722
14240,28086 7599 759 7598 22176
32656,33015 14326 33017 37395 10951
7842,12148 16604 7841 12441 2211
29582,29580 10581 29579 41810 41814
27000,27001 26999 27002 15195 27003
38517,38511 38593 38536 12771 38530
18212,18214 29941 18217 5756 9908
11340,11326 5198 11355 11359 37408
35908,44735 33514 10810 17947 21004
38955,31818 34493 38951 10172 17294
23315,22508 5766 12803 33904 37390
34607,34605 34873 5766 22885 41717
37339,24942 23928 37340 40326 41810
16180,6334 6288 662 19063 43641
8737,8742 19333 15369 25419 35428
32413,12118 12120 32401 32410 32414
16091,1007 17947 39771 32823 25419
26839,26836 26832 25363 26833 26835
20001,19998 5766 36768 33581 38830
27419,27424 27420 27421 16276 12047
23799,23793 17224 6550 17947 22715
29396,10987 5364 42899 14891 14497
5497,5503 5498 7160 3493 16085
31742,23882 23877 23903 23900 4390
31307,17947 25419 31302 17830 19788
30812,1099 681 39045 39046 16717
11027,17947 25419 32155 39580 20957
17694,17687 3918 1634 5766 16074
25023,17947 38804 4287 25419 15555
23887,23877 23882 7599 28086 4394
45382,36768 12059 41154 25903 12712
18488,35249 35252 18489 35244 35255
45490,45486 45485 24381 24378 17947
21437,13143 23558 19322 35652 13144
14384,15195 10987 5211 122 10988
59,19820 19823 19819 3409 39906
6144,6140 45205 45213 5896 45207
80,27737 19897 4997 45500 19894
34869,42691 42695 42693 42694 17845
21759,21756 21742 21763 21764 21746
4415,33608 4408 17947 25419 17224
18328,11767 36768 2893 45516 3918
157,658 160 18243 5685 153
3976,11285 11278 3972 11535 3975
40997,35986 40995 40992 7633 41005
38019,42099 16393 4990 71 40859
21611,10987 5364 42899 14891 10572
24079,3765 3750 18455 19496 8880
32558,17947 23920 23922 25419 20954
30068,39031 39033 21972 39028 17683
2504,8916 23601 29971 23589 23598
14055,14054 36768 36402 37467 16806
14295,28747 21182 9646 10115 14403
4986,9590 15734 9599 9602 28134
18042,18098 18031 18027 18057 18055
523,23352 524 14414 14427 5518
45639,21710 27813 36768 21783 16717
3858,16726 41044 44705 9337 28467
28522,28531 28272 28510 28533 28470
8089,8087 8093 8088 41426 8091
38466,26979 17947 25419 39580 20957
2960,2958 19373 19370 2962 2952
17267,11138 15195 1301 10987 5211
25715,25711 37477 22095 13285 31938
1499,1475 1504 26522 1480 1473
13545,13494 13538 13541 13487 13547
22602,17947 25419 17830 19788 39580
5135,8713 977 975 5130 15496
27861,27843 27847 27842 5766 38340
44766,19788 23506 17947 28173 24814
32682,15241 5358 7677 13145 5359
39509,214 39503 39508 20181 26913
43996,43994 34844 43993 43995 7286
35848,35846 32977 32981 32980 32975
1698,1681 1686 27924 25673 1684
44186,30 13615 11566 15195 17683
7015,7009 33158 18446 33155 12939
32113,32115 6988 44541 24894 22135
33561,33566 14731 33567 12807 33563
11604,11777 32189 36768 5863 33993
16304,16328 14891 5364 14497 28186
31200,27971 5766 12045 3599 24297
10490,23080 10495 10529 10528 10519
21735,21758 21746 21764 21751 21756
29529,18596 29499 7422 23707 18846
39399,39396 39402 39403 39401 39400
38331,38330 38336 19295 11355 2222
12828,12827 15409 24920 16717 36768
32122,9681 23503 36768 29412 12712
25200,37186 15195 5211 18749 28881
10796,10797 10778 37670 3875 24591
28748,41861 28747 18449 28631 16268
32769,32774 36317 32768 36315 36314
34156,34155 2677 27457 25332 27669
26805,17947 25419 23552 14741 4287
45119,45121 45117 45118 45114 45116
35231,9539 13895 13890 15241 7784
22226,27727 44883 44321 5766 3536
41639,17947 25419 39580 20957 38804
36268,43475 8601 36768 36266 37467
23238,23237 19462 23242 36768 10403
44300,20679 43273 30705 4888 2081
30403,30362 30363 30413 30429 30423
36572,33836 36573 36575 36571 36568
26324,27537 26329 43586 2761 43283
33726,33737 33735 33729 33747 33734
3684,36768 21107 27416 1302 12712
11921,11920 11915 11919 11922 17947
31076,16112 3075 5766 31072 9253
39030,21972 39033 39031 39028 21974
5205,5187 4900 12296 17250 7733
37051,37054 37052 37053 37055 26425
40468,28716 6163 12496 28721 17947
10682,38511 38593 38536 12771 38530
20219,17830 17947 25419 17224 19788
12969,26471 26470 26472 26474 26475
37476,37477 45294 5766 36768 24749
4935,7118 7135 4940 4938 37058
18533,34443 18526 18525 34440 34444
1489,1466 11574 1476 1467 1470
6366,6367 4119 35489 33853 35491
16994,16995 16993 42158 28902 21282
1234,36768 29320 28467 42758 9338
2102,2099 17352 17355 2093 2094
2166,10778 2167 10776 37670 10797
33501,36505 25780 36768 1856 42808
38648,34771 18888 8213 27243 1946
30734,1419 17947 25419 39580 20957
15578,15563 34938 34988 15566 15577
18279,18280 25685 18282 17947 42051
35815,36128 10765 25148 40528 1425
32103,32107 32110 32102 32104 32106
4106,2144 17947 25419 39580 20957
25866,25869 17947 23552 41887 25419
14473,14479 14477 14476 14475 17947
9223,17947 25419 17224 39580 20957
21071,44958 15705 17947 18962 25419
31490,7855 31488 412 31491 2057
11978,36768 11970 20157 25903 10200
16181,28187 865 1618 10917 37435
42607,42609 12938 12996 1625 42612
2519,23080 5660 10529 2048 10495
37911,24064 24073 24065 24040 24066
42341,25148 5766 36768 41154 20962
21779,21803 4167 1722 21823 17947
29164,28533 28531 28538 28510 28272
23547,11154 3023 27689 43419 19445
13922,13930 13925 13924 13923 25296
11482,17770 18772 17947 27243 18888
13488,13489 13493 13490 13487 13547
5875,5877 43755 17947 5874 2560
4695,4693 32189 36768 24065 5766
37564,41304 33348 27724 5237 7415
44531,45570 45572 45568 45159 11069
38892,36768 25903 9338 10200 9337
9124,18314 9125 19396 9122 32386
25216,32277 17947 33608 4408 43755
43089,43110 43084 41250 43101 2822
3579,30 8 11566 24812 13615
7716,12274 12230 12275 1387 7714
15872,10 3357 43509 4256 2005
32286,17947 25419 17830 19788 39580
26055,26054 26047 26051 40491 17947
37444,24832 9623 9622 40694 9626
16842,16809 16844 35475 34517 36
43666,43661 36450 43678 5766 24893
26292,1117 26289 44630 23009 23003
8051,8048 8053 8044 17947 25419
14318,14319 14320 43814 24780 43763
9619,17947 313 25419 39580 20957
24657,24655 17947 25419 7271 19788
20316,20315 164 14179 25863 37698
40338,40314 6856 6418 40339 6855
6721,23846 21107 36768 20157 25903
5217,28086 7599 759 7598 22176
25841,30080 3351 25903 12712 37467
33137,24270 41203 39936 22095 139
44133,12967 3351 25903 16717 29058
33507,32829 41865 968 5107 38709
3468,15937 15948 25426 17947 14118
32951,25419 17224 2843 23552 36853
16035,31314 40482 17800 32256 16111
7959,7966 7958 31352 40304 31353
44634,41258 36768 45054 15186 8880
43808,43780 30 8 43819 24813
32872,36768 28467 45259 24749 1302
110,107 20250 42434 20253 2010
39855,18438 38424 42157 10220 40081
19337,19327 19323 19331 19322 19333
34535,34530 34539 13856 12071 34508
25440,14088 14082 14084 17947 25419
28428,28427 28429 10004 28425 25150
26147,4070 26146 17947 39580 25419
1935,1947 1936 1946 1937 38643
4686,4680 4685 4682 26583 4681
34325,34319 17947 17830 36853 37053
15598,31401 17947 23552 25419 14741
16685,11263 16682 12712 28467 41044
18790,17947 10976 10980 25419 10985
18615,6851 6919 7154 27727 44321
25672,1681 27924 27674 25673 1684
22331,22325 18136 22322 39440 20127
10574,22076 41044 27416 10200 24749
30398,30358 30352 30385 30410 30354
531,1440 1444 18246 44469 44906
17031,17030 17035 17032 17039 33871
24205,24202 33282 38515 38538 38597
22803,22817 22801 22786 22816 22805
7591,7592 36768 16021 41261 36461
45348,37817 45358 45354 45350 44399
10500,36768 28467 45259 37467 10200
2411,35760 36768 12712 9337 37467
25348,37516 31899 28389 19803 13360
5202,5212 36768 9338 9337 21107
16398,18019 18022 16394 16396 16392
16430,32456 16435 32438 32426 15676
40868,40911 17947 25419 19788 39829
6151,6984 6152 25419 17947 3529
30735,30733 33169 17142 17947 24812
40042,29613 17947 25587 35475 42986
12616,12622 38340 12645 38338 5766
25435,17947 25419 17224 39580 20957
10920,41865 968 37435 1845 28187
18849,18853 18519 18520 17947 18846
28087,17947 25419 39580 20957 23276
17241,33532 17238 35258 42763 17243
29255,29254 29257 29256 29251 17947
7911,7914 30236 8322 1946 8253
32317,38515 38536 38597 38513 38538
13062,13074 13079 13068 13067 13061
21370,32441 32456 32426 21352 32437
22677,38992 4162 5766 19156 41044
4135,28074 44621 7214 12555 1241
39303,39302 39308 39309 37340 39307
34067,12965 12960 12961 12958 1438
27189,36768 16806 27416 9338 36946
38070,26979 17947 20957 38069 25419
38665,38669 38667 38664 38786 17947
20252,20253 42434 20250 20367 19608
44505,18596 25965 44509 44585 7453
29404,3351 42758 30080 9338 9337
11769,11772 11768 11771 4653 9355
32396,32398 17246 13002 42060 37526
23307,34191 23303 42525 36904 12803
43317,43313 39640 38803 14004 28441
1633,3636 43641 865 28186 1618
67,11684 667 1241 4953 6334
21294,28736 21290 33809 13985 21295
12914,32778 12296 5139 18135 7733
10471,17947 25419 23552 20913 4287
31304,16298 31300 16319 16300 31306
26050,26046 26049 26053 26052 31313
24052,24050 3119 3120 24048 3117
34227,34229 15705 17947 20954 32813
34069,12961 18446 12965 12939 12960
16503,16501 16514 8880 5766 36768
45289,45288 38674 17947 23552 25419
30739,5766 36768 16726 2756 45516
21629,21613 21615 12108 41336 9704
41307,27776 15691 27779 15690 11990
36550,33833 21947 36555 17947 31761
29022,18765 14485 4339 41217 4524
23249,35465 34641 17039 38551 42438
45052,45054 36768 37877 3351 37467
6810,6781 100 3895 39339 6793
18013,34493 7321 5766 36768 34948
9638,18741 9620 10405 39365 10403
5219,11355 37408 11359 5216 11349
6008,5989 17947 25419 2560 39580
21718,21719 21720 21722 21721 21717
31371,31389 17947 31401 31384 25419
1988,32097 18255 10552 32226 14300
15054,15047 15048 11574 15195 122
44030,17947 25419 39580 20957 2560
31441,11777 41261 35819 36768 15379
40219,36768 2167 16806 36946 30080
409,410 413 412 20687 19298
13374,41044 24749 45259 27416 12712
404,406 403 11767 28701 11766
23784,23785 5693 23790 5697 23788
31578,9479 9262 2494 17511 19144
22888,22883 22885 21489 7697 31153
41666,7850 41664 17015 11777 41663
31259,31260 31227 31229 9539 43755
43841,25419 16898 30836 36853 17224
36255,5766 36768 29460 5777 4418
28805,33883 37341 4372 41330 41331
16713,32078 16720 16717 16718 11767
41446,8084 8087 8086 41426 9498
39180,17947 25419 10921 17224 39580
40582,36768 15186 28467 12712 3351
43334,43352 43342 43331 43335 41489
25618,13285 27323 2211 16627 16802
7673,7661 7681 37106 15862 7679
12034,3732 3736 7845 2386 3738
19909,19913 19910 19908 19912 19916
9635,24832 9623 9622 17947 40694
29156,29150 29151 29153 29155 29154
19444,19439 5766 36768 19462 25903
18556,21615 41378 30651 36768 33032
31993,31992 31998 31995 31997 31999
38469,44826 38458 38457 25419 17947
24060,24073 24066 24064 24040 24065
37892,32941 40215 5766 1164 7400
8954,17845 3419 38539 40146 3651
1439,17947 25419 17830 19788 39580
11563,22076 10570 10575 11605 13446
1902,1896 1894 10836 43548 17581
77,74 19894 78 79 83
13442,10586 32664 10620 32130 32689
15652,19148 19165 19155 19166 19176
33492,36768 12712 10200 36946 37467
38473,38458 38457 44826 38461 17142
23584,23582 23576 23581 5766 37734
9838,6976 667 5308 10909 1241
42714,42728 42738 17947 25419 24520
32199,32773 17947 32185 2560 25419
29406,4595 43130 14056 19335 31244
43636,36768 9337 15186 25903 1302
42602,17947 25419 24089 16898 39580
24054,24048 24050 3117 37909 3119
27787,17947 44921 6152 24601 6984
5439,33917 7445 19063 10964 14891
38755,17947 23984 38756 245 1729
20741,40911 43564 22883 4963 7697
3008,2998 21787 39988 18405 7126
32080,32083 32082 17947 6148 12723
24298,36768 30651 23203 12712 42758
39899,10433 25012 10797 37572 29160
44481,44439 44442 43979 36768 20367
4966,12059 36768 15186 24749 36946
15708,15691 27779 15690 27776 17116
22562,32189 36768 28467 31105 1302
12614,12645 12622 38340 12615 1877
12569,39707 17947 25419 6152 23721
24636,24635 6483 30681 6480 30680
8254,13173 8256 8290 8233 14060
28978,14054 42693 42695 4341 5661
12847,12842 12841 12844 12840 17947
18215,29941 36768 1856 27416 36946
45338,45325 45337 45336 29537 31437
7524,36768 36946 16806 12712 30080
33609,36253 31084 15195 24812 17683
34281,34284 13759 34426 34427 43171
26696,36361 41073 10713 5766 36768
22195,30681 30680 37877 36768 10200
24309,24308 24330 24312 20071 24316
5197,19063 7445 6288 40440 6334
7909,42485 7905 7894 7891 7901
15962,15971 11780 14861 15003 15967
873,871 9326 869 866 23506
28302,43082 28308 17947 25419 36492
16400,18055 18057 16393 16374 18067
16601,16602 16595 17947 16597 30230
36076,44649 44644 26252 2249 36071
13329,16276 15023 14143 16726 3651
6107,33007 20097 6109 22095 13285
24221,24218 24220 17722 38686 13238
42057,10112 2167 18837 36768 28467
1090,21266 5210 37785 25395 14230
37205,19099 27456 20567 45066 1620
30112,23552 4287 7415 25419 17947
3832,20468 3830 3827 3826 3833
18032,16396 16392 16394 12550 16379
23,42876 22 42883 42891 42885
44162,44164 44160 44148 44157 44151
27652,27988 31067 31985 31983 31976
21187,21191 21188 33931 40528 14051
37623,44012 39580 17947 29658 44246
1546,1555 1547 34435 1538 41675
9629,24832 9623 9622 41468 40694
41130,41128 41126 41125 40364 41121
30292,22632 9464 29906 9462 10215
14658,14657 14656 14659 14320 24089
29566,2530 2535 2542 29565 2527
44816,36768 30080 1302 37467 25903
20241,22 36768 12712 42758 1302
15239,7351 5898 15330 31 14741
8725,6173 23816 18419 29724 13257
28001,28004 36768 27416 25903 44705
16479,16514 16501 36768 5766 27416
2025,1568 1591 1586 1572 13624
28568,28566 28558 28561 28559 28570
11162,31904 35048 20944 12793 37612
14305,32226 32097 41193 32099 14266
44086,3695 14378 41154 36768 5766
43796,43828 43781 31341 31331 43780
38398,38399 17947 17277 17276 25419
799,30080 12712 36946 3351 42758
35451,35419 35428 35406 17947 44972
17320,16234 44399 25320 4417 43755
26407,36768 3351 12712 10200 25903
8501,43340 12292 12288 2218 12290
31294,36768 44705 9338 1302 42758
11666,11663 11668 11656 6296 38700
3788,10456 3776 26999 27002 42376
30977,31004 6057 36768 15379 5766
12620,12645 12622 12615 38340 38344
1590,1568 1584 36768 20157 12712
15595,24137 6976 9844 10073 12967
6156,42300 30859 17947 3357 6152
31095,36768 37467 30080 28467 29320
40054,40049 40051 40053 36768 5766
27397,27398 27399 36893 44469 16900
23419,23423 23425 23426 23418 23420
5186,31116 31115 31113 32750 37415
766,23882 23877 23875 23900 4390
21194,21188 36768 11854 38830 25903
11705,11701 17947 25419 16566 32823
11225,11226 37561 17947 25419 17830
32880,22095 13285 20097 41088 41081
13158,33671 13146 13141 5575 13138
32373,31384 17947 2843 25419 16285
17971,16881 7415 4829 4824 28025
18808,18815 4942 5766 33546 24828
13028,17722 24220 24218 38686 13238
31177,40021 31178 40020 31180 31181
22485,12317 22474 18888 39959 13076
31910,13424 19082 23520 6550 31851
30071,30065 24812 19788 23552 27550
4951,39175 29738 4944 4950 4947
29741,29734 29746 29745 11648 29737
29965,8917 8919 17185 29966 2508
28371,28369 28370 40763 28377 40460
19764,7264 18817 313 17328 34600
37716,17947 41463 1982 25419 36492
45030,14008 28728 28727 45025 28730
16441,16021 41264 36768 12022 27416
14947,18520 18519 18518 18853 18846
22235,17947 25419 39580 20957 25426
30223,30190 30193 30194 30196 30191
5653,36768 5766 12712 25903 37467
42278,17947 25419 3529 39580 20957
3070,32540 31134 3067 3068 18461
14461,14460 14463 6976 25903 27416
14707,14705 27800 37790 14706 16642
19792,45113 123 35289 10040 17947
4023,9913 9912 26012 9915 33002
14688,43548 5898 31 7353 17947
21969,21972 39031 39033 21974 17947
35138,23392 35159 23398 35178 35183
6155,6152 17947 25419 36438 22914
9013,9018 25419 15195 24812 35561
39418,7286 17947 25419 17277 36
19671,19676 19683 19684 19672 20869
27693,27691 27698 27696 27694 27689
23837,36768 45259 45515 9337 28467
32484,1419 1417 32487 42040 42051
23229,19066 36768 25372 23227 681
24307,24308 24330 24312 6048 24316
17384,5934 31761 17947 955 5794
18425,17947 25419 17142 39580 38804
28715,28716 28721 24374 6163 17947
44408,44436 19961 1117 23003 3799
29633,29639 3701 3688 3698 14137
31271,31260 31229 34766 34768 24671
22221,1796 32780 1374 1373 32782
17303,39580 37063 24812 8 17224
41376,43130 36768 42758 9337 27416
2388,7845 2386 2389 7848 2400
21996,19063 7445 6288 10964 8908
39101,13964 36768 4660 9338 25903
11149,11138 10987 5364 14891 4934
37189,37191 31615 32823 17947 25419
3784,3776 3782 42376 3787 15110
18867,19546 17947 25419 39580 20957
30743,22892 22893 22898 40806 12703
28636,28637 44559 26097 28635 28634
1265,1255 27971 44705 1584 36768
31638,31644 3701 3688 25025 16921
15786,15783 39661 17947 25419 7286
8001,7983 7998 7987 7996 7974
1424,1425 4006 36768 16798 25780
22575,11611 17947 25419 39580 38804
13995,13994 28759 13990 28735 28760
37381,797 27345 37380 43682 43681
42606,42609 42612 10112 12999 12561
22127,22123 476 36461 21615 22095
37061,23964 23963 8761 15650 5766
40597,36768 12712 15186 16806 3351
17316,14345 17947 25419 31401 39580
12787,2735 20182 24457 12448 20183
43129,3978 5766 42444 29058 39905
2236,34762 36768 12712 41258 45516
8489,27310 18874 9487 18807 29222
11161,12823 11174 17947 25419 37424
39181,32016 17947 20954 30258 14741
22591,14186 14183 14184 14188 7086
289,2545 20398 288 20394 17947
41416,5777 26759 36768 4657 23037
13006,12296 4900 17250 9416 7733
39317,36768 41044 12712 3351 37467
14386,43618 13469 4700 4692 14406
41457,41459 8546 30446 17654 18852
32124,7906 25201 28211 15846 37572
13628,25780 36768 25903 28467 10200
15888,16442 12009 12075 18631 12017
29135,24249 1384 410 20645 29421
16464,16428 16301 22160 17947 16364
21841,21862 21829 21845 21830 21832
43918,13867 13871 43915 17947 25419
7748,7752 7747 7749 39580 10876
27222,1445 1441 36865 1440 1444
31862,30658 4657 36768 3351 45259
27747,14107 8861 8856 8858 18448
13746,19462 23237 14378 26197 27788
24157,24156 24154 24155 24152 24149
31414,11632 1525 11627 11635 11625
21089,17947 42811 19788 37424 23552
11616,9350 25457 13228 5766 9352
10932,1405 26134 19293 13238 11878
17204,667 1241 4953 6976 5308
27266,7445 19063 10964 6288 43641
45019,22207 45025 10691 12461 22736
13839,28881 11337 3985 37186 5364
1426,4006 1425 1429 1428 45503
43244,17947 25419 5991 6003 24655
8062,17947 25419 39580 20957 2560
5191,6976 5308 10909 9844 10073
17341,30622 17334 38656 17947 30616
28295,28336 28296 28297 28294 5486
30281,4989 3636 28186 43641 14497
14358,2815 2819 2817 20954 119
35324,36768 44705 22095 16806 41088
22542,22541 22543 42408 18395 31923
38212,38215 41468 11000 19780 32823
42597,12982 18134 12980 1438 15599
13375,107 44787 32715 37854 13122
6219,6216 6220 6221 6224 17947
11247,11262 11244 11251 17947 25419
28480,28531 28470 28272 28510 28511
45465,45449 45455 45462 37598 37594
8801,8804 17947 37424 25419 19788
16569,5794 17950 30713 5787 17961
1721,1729 1730 17947 25419 1722
34908,23461 32197 45343 13147 5374
32522,42040 42051 32520 17947 25419
37587,17947 43755 25419 36853 37054
24978,24980 24984 21609 31185 36768
45442,37595 45462 45463 45455 37598
35724,2257 17947 37377 31899 23946
1893,1888 14911 1889 14914 14913
17018,13258 13254 10713 10714 4608
19501,865 1618 3636 43641 10917
31868,13423 23398 35178 30104 14487
6290,6058 12204 17947 25419 30590
5,15881 2 5907 7613 5129
24951,24953 24949 6329 45159 11069
30187,30186 30191 30200 30194 6657
36311,23922 36310 23920 30029 45604
16878,16874 16881 11565 16879 17947
6346,6341 6340 6343 1334 9464
34222,8917 8919 17185 29966 2508
7007,7009 33158 33155 13018 14350
15766,40021 31178 42377 15764 698
1449,1367 1445 1441 10887 43937
32502,32505 32501 24244 32503 21535
37139,37106 7681 15862 7679 29390
13177,13180 23204 39440 44883 14808
28162,36768 42758 9337 36946 15186
11002,33935 33933 33929 34003 36475
31882,31898 44748 31804 31813 31833
41053,3895 27539 23322 19795 23318
24904,24905 29312 17947 25419 24908
147,36768 1856 26197 25903 28467
14375,14367 9840 44309 11880 44190
8149,17947 7807 25419 24520 8146
23022,23023 36768 2508 3351 1302
10599,10586 32664 32130 12676 10581
2404,2409 7845 2386 7848 7849
45018,28735 17947 28734 43755 25419
11468,4641 23790 11463 17947 9153
35925,35926 36768 37467 30080 10200
42632,14456 36492 3529 25419 17947
42045,32520 42040 1417 42051 28173
11222,11226 37561 17947 35561 25419
25359,25349 17947 25419 2843 5991
17228,824 826 18937 26012 28585
38463,15195 38458 38457 122 17142
12346,5310 17947 25419 39580 25426
26654,26653 24804 19099 4144 10420
12901,17181 12906 7141 10974 4942
22834,23697 22817 22801 22786 22715
19379,19373 38747 2835 2967 2971
30226,30240 30243 30224 30284 30272
7869,960 24178 18135 1934 5907
27009,36023 14741 35475 17947 25419
9865,4830 37330 9866 12783 9863
36004,36005 14962 36768 28467 3351
40532,34789 34229 37417 37976 29052
43384,43376 43377 43380 43399 12880
5240,5237 17947 39906 775 24655
24779,24782 24781 24786 24780 24785
13337,13336 11873 43582 20381 1405
17360,17297 5552 35711 23265 17265
2299,10215 4075 8499 38399 2304
10165,3065 27627 33929 33933 33935
13397,13399 13398 19679 19685 20869
1376,1384 1796 1387 32780 1374
12427,17947 5694 25419 13449 39580
30317,3529 17947 25419 39201 37424
11308,11311 24958 11313 38288 30856
39876,39872 38528 28408 35499 35963
42863,36768 12712 1302 45259 44705
6230,6227 17830 17947 6218 25419
10770,10767 14485 23056 15111 17914
26503,36768 2756 9338 3351 12712
34268,10572 28187 8127 37435 28186
5985,7881 3797 17947 25419 39580
17619,17947 39580 25419 7271 20957
3754,19496 3750 7793 3751 330
13719,13720 13724 13722 17947 25419
33494,33498 33493 5766 33491 2400
14095,16193 14093 123 16192 17947
18906,26908 253 6546 20873 45414
23479,32961 36768 22580 3918 12712
29490,36768 9338 27416 30080 25903
69,11684 68 11751 11752 26447
37660,36768 15186 24749 25903 1302
36677,36768 12712 11854 42758 16806
17271,35163 35116 35120 17259 35165
26722,26723 26725 24812 17224 2843
21125,21119 21121 8500 21126 8499
8722,8715 44224 12268 44225 20552
33795,25419 17947 17224 36492 32823
3232,17947 25419 17830 19788 39580
35414,35454 29898 35448 35440 35433
12335,19599 24964 18242 44921 31899
44039,2531 11031 2528 44046 2529
21705,21710 21712 22237 7611 5766
12944,17246 42060 13002 12980 32398
43348,43342 43331 43335 41489 43340
29471,42956 12664 12662 29470 42959
42141,42143 42148 42146 39099 39747
22304,22538 3384 2749 4738 22306
43106,2412 17947 36853 25419 39580
30220,43586 43739 30191 4999 30189
13879,13814 13867 43910 13871 13878
13342,13344 13336 37326 43939 2506
24955,24953 24949 6329 11069 33064
37592,45463 45462 45449 37595 45455
2056,40051 20833 36768 28467 30080
4805,4806 12965 27812 18648 29421
16580,42728 42738 16572 42719 3595
15249,15221 37 15245 15298 17947
29519,17947 25419 39580 20957 25426
22028,22037 22035 22026 36768 25903
27385,41491 21776 16918 16920 17658
278,20423 277 11963 11926 280
16177,39339 3895 6414 33331 20687
30206,36768 27416 36946 37467 28467
17803,11297 1241 9557 662 4953
28862,41865 968 5107 12296 9416
159,36768 30080 16806 42758 25903
2536,2530 2535 2527 2542 28860
15587,15581 15582 12723 27825 41098
969,4248 6388 4223 4249 972
21747,21764 21746 21758 21756 21742
14641,33704 14640 23336 14883 5766
25176,25175 25172 25174 25170 25171
9832,45296 9833 45316 45313 2898
2265,30055 25725 6976 9844 10073
30093,30036 30095 30094 43503 10655
1517,1533 3258 1531 1523 34436
43623,22554 17947 25419 39580 25426
14310,3710 36768 16806 10200 3351
4435,32370 23946 9082 23945 9083
40303,40287 7965 31352 7961 31351
25074,24749 36768 27416 12712 28467
43128,18596 43132 7453 25802 19610
237,12941 27315 41203 43432 12939
30263,30260 30259 30262 30270 17683
22784,22817 22801 22786 22816 22805
11723,36768 12712 5863 5766 28467
11197,11520 24414 650 7093 3966
14428,14430 14427 524 23352 36768
18073,16377 16396 16392 16394 12550
3530,13592 22816 13571 13623 31507
17313,8492 39671 18984 26596 13939
4031,9913 9912 26012 9915 41044
37573,16334 16340 16352 16336 37023
28923,28926 41044 45259 9338 36946
38619,7445 10964 19063 29044 14891
32625,32637 17947 34871 25419 39580
32627,34873 32628 32637 34871 32636
7938,17947 29960 8227 25419 41463
22822,22831 22821 22832 22826 22817
26088,16982 17947 25419 13382 39580
18825,18831 18828 18826 18833 23037
19397,5289 44801 5304 19399 5294
27577,36768 16806 9337 36946 3351
1824,23204 41044 28467 1302 12712
5931,44067 5937 17947 25419 17224
45352,37817 45358 45354 17947 37424
43328,43325 43324 28917 7914 8921
13164,13133 33671 5575 13141 13146
33667,13144 13142 13128 13151 13140
133,139 137 36768 15186 10200
43616,36768 5766 22095 41088 26800
15654,15195 5211 10987 37186 5364
15890,16442 18631 12009 12075 12017
29260,29257 29251 29256 29254 17007
4943,17947 25419 39580 20957 38804
14755,13485 41044 9337 37467 3351
14495,36028 27118 13913 31185 22508
8716,44224 44225 20552 8715 12268
35335,35332 38562 35334 1887 17947
40138,40139 2375 36768 45259 25903
6311,6329 17947 20954 25419 20957
28055,31968 12876 40262 37693 41689
4338,45557 11311 19801 17252 31196
30376,30391 30429 30371 30386 30368
31087,31092 31084 24374 2661 28547
24889,24898 24884 24880 24881 24885
25494,25489 25491 5477 17947 25419
5915,5912 5911 23653 15336 16546
30384,30429 30371 30386 30368 30367
3145,3144 3152 3155 3156 3325
37305,42300 17947 25419 17830 19788
1103,19063 7445 10964 6288 43641
42528,43171 12401 14075 42543 29658
24223,2586 4742 10537 10536 4777
33614,29367 7841 44246 17947 14281
12424,14951 39916 44217 18834 3831
12919,17947 25419 17277 39580 20957
18226,27800 37790 14705 14706 16641
37119,36768 16806 36946 45259 44705
29253,29254 29257 29256 29251 17947
1474,1495 1491 17947 1506 1466
11235,11253 11240 11324 12045 36768
6615,6614 6613 36402 36768 30080
41091,14456 18255 32588 18257 37003
22374,2743 15195 11566 13615 8337
3835,13688 3840 9442 17158 3842
8538,8552 8529 8572 8537 8536
38680,2958 19373 19370 2962 24580
888,32181 36768 16806 12047 28617
5471,5478 9652 9646 9639 25419
43268,11777 37585 33488 24438 33906
7113,36768 5863 27416 9338 42758
27588,16336 15167 13421 9351 23818
19844,17947 25419 25741 17334 33291
2834,2835 19373 5766 2952 41258
7606,8146 7807 8148 25419 17947
38068,26979 17947 25419 20913 16898
3968,3967 11520 3966 17947 25419
16893,4669 12169 14235 4677 16857
40880,17947 40911 20957 25419 40912
23989,12723 17334 38656 17947 22307
5071,17947 25419 426 34658 28698
29990,5554 14673 5766 22095 13913
15876,3357 43509 4256 10 4
37986,44439 36768 43979 45259 27416
45626,45623 45617 45616 45625 18132
28763,28766 18194 28767 28769 17828
24968,24964 17947 9439 25419 39580
17735,15611 37467 4418 36768 27416
32258,32257 32255 32254 40482 30
1567,1591 1586 1577 1585 1560
14729,33566 14731 33567 12807 33563
11298,11297 4929 19063 10964 43641
27599,31980 22515 43656 11938 9501
9595,15734 28134 9590 15735 9602
29908,30290 29907 26996 30296 1338
41821,41814 41810 41815 30010 29580
29286,29289 29285 26130 29290 7906
9456,9454 18283 9457 29093 31876
13735,2882 2883 2879 2881 13728
18119,45485 45486 24381 24378 45480
17122,17947 20954 25419 20957 15336
15617,15624 32823 17947 25419 17635
30069,30065 43755 24812 17224 2843
36715,20424 6668 25955 244 36717
9739,30026 9735 31361 40304 7957
930,15881 7613 5907 2 890
16940,43228 43230 34493 16947 4808
4263,4261 36768 5766 4277 16710
39245,14487 13285 32428 32453 28004
3300,16562 24796 16532 5207 3304
7549,7556 7552 7551 35313 17947
8770,43799 5766 31333 40021 36768
10170,28570 9489 37277 9802 32138
32331,32329 32328 37052 17947 37651
40893,40912 40877 40911 43755 17947
32854,32189 36768 11854 10083 5766
10431,36768 12712 27416 42758 1302
22514,13467 36768 25903 3351 13485
43930,43933 43926 15195 5211 37186
14241,5759 19063 6288 7445 10964
33732,33737 33729 33735 33747 33751
43669,43661 36450 43678 43675 24893
44011,44012 17947 2560 25419 39580
23843,23846 36768 36946 19608 20157
39444,39440 16996 36768 39441 25780
45362,2527 17947 45358 25419 37817
11901,10987 10572 8127 4934 11138
10877,37262 10879 36005 28617 2710
12630,38344 38339 12645 38340 38338
11876,19608 21783 14430 36768 18826
13812,13867 43915 13871 13615 11566
2949,2952 19373 45641 24581 2958
39797,39792 39801 39795 39793 39799
34208,17947 34200 25419 21173 39580
2520,6984 25419 17947 17224 36492
32979,29044 43641 12497 14497 14891
42855,42547 17947 25419 39829 6550
37329,37326 22616 22618 22620 27647
21784,21803 1722 17947 28173 21823
38633,3006 38640 38638 3003 3004
1843,43582 7501 37003 41125 44433
7554,7552 7551 7556 32823 17947
21365,32456 16435 15676 32427 15763
31974,5554 5838 5766 44737 6659
24982,24980 24984 21609 36768 28467
43394,9652 9646 9639 19100 5478
19847,17947 25419 17334 36492 17224
23421,42808 36768 37467 36946 3351
11296,45306 45313 9556 45296 35206
24455,14257 16887 18353 7633 9786
27999,1627 28003 30043 12532 28004
33574,25903 12712 36768 1302 36946
9526,35350 38414 6976 9844 12967
6753,30072 6749 4295 1911 28749
5215,7599 28086 759 7598 22176
11380,22277 22278 931 933 4620
4069,14891 10964 7445 19063 14497
11157,27766 5952 36768 5766 27416
18260,18255 18257 10552 18251 42012
25737,25741 25744 25743 17947 25419
4988,15734 28134 15735 24762 9602
14616,38288 11311 38296 22861 36062
5816,412 27194 415 31488 20323
29325,12652 12650 29326 12648 29324
5571,9605 29285 13470 4339 25419
18291,18287 18290 18288 18294 31860
135,139 132 36768 15497 15186
13595,13608 13598 13596 13594 13602
8023,8012 8014 8032 8019 8013
31235,17947 25419 39829 17830 19788
1111,25419 23552 4287 17224 2843
23521,23525 23522 27293 29906 24666
3837,13688 3840 17158 9442 3842
31722,23877 23882 23903 23900 22176
10806,10804 3359 10808 10805 11045
18757,1620 9431 18758 32130 37379
18412,36768 45259 30080 12712 9337
28407,28409 28420 28417 28419 8048
22398,22409 22401 35409 17947 39580
36570,33836 36573 36575 36571 9489
12048,17947 6152 25419 32823 44849
28563,28564 36768 18722 34892 36946
13729,2882 2883 13728 2881 13731
4434,23942 23937 23930 4436 7439
34288,27883 29460 41073 2756 10713
3869,10572 8127 39988 7126 21787
22067,20315 22065 22072 14179 41315
33075,36768 12712 36946 15186 27416
31262,34766 31229 34768 31260 36768
54,17947 25419 39580 38804 23276
36321,36317 36314 32774 36315 33490
21341,36768 27416 36946 8889 1302
4894,28187 37435 968 865 1618
29187,23454 28524 23453 28471 28532
16813,10698 24606 5766 1568 22268
10224,10215 17947 25419 39580 20957
23917,23912 37272 17947 20525 8202
42002,42010 42012 41994 41996 41993
24305,24297 22861 2937 25150 41661
34343,17947 25419 39580 2560 23276
5974,8834 8829 5975 4144 5984
18892,18888 45106 29161 37356 29460
34301,34312 34296 41979 41952 34307
28158,10712 5766 2719 92 12522
1296,19124 91 4945 17947 10215
37707,8141 3564 8134 3574 16459
37869,14403 17947 39201 31401 23552
25804,25814 25816 10711 38379 38458
15014,16130 5364 28881 5211 42899
41832,31361 7960 31363 41814 41815
12881,29734 29746 29737 11648 29745
6530,6540 31623 6526 6541 6543
12631,12622 38340 12645 18923 38338
33028,20086 35448 35454 33030 33024
35210,24723 18831 8601 826 26930
5499,5503 5498 7160 42357 36598
25790,35 5898 31 7353 7351
34498,34517 34530 34532 34501 34484
25329,33488 36361 44217 33546 11854
13548,13494 13538 13541 13547 13489
18576,31030 35048 22861 25332 3418
33541,33539 31083 8910 21151 4595
32578,32579 9840 7608 7611 32581
30003,29998 2046 17947 37424 23552
7968,40271 31352 7965 40287 7971
980,977 975 29745 8713 5777
35348,44478 36768 30386 2167 30080
5752,25118 12317 1305 16176 44906
20775,332 25150 38547 22350 5766
33513,23942 29746 30417 15444 9352
22186,22192 37451 22193 22188 36768
25244,29092 29093 25242 9454 25248
32760,410 5809 414 412 418
10884,10572 39988 8127 7126 12691
11290,11278 11285 11518 11535 3978
23036,18832 32581 18831 23042 18828
38988,38989 30458 17054 32507 207
12557,12555 7742 7763 10572 39988
3640,38302 17905 17947 3529 9491
38211,38210 3341 26330 14572 24692
4987,15734 28134 9602 9603 15735
17309,13615 11566 15196 7784 30
23492,3769 3770 45536 2551 2552
44815,18803 12754 12753 35751 28400
12043,36768 11777 42758 24749 1302
14030,14032 14033 14026 11777 23037
31034,17947 36203 20117 37481 28173
12226,12906 12225 4942 17181 23297
18373,28187 10917 28186 3636 37435
5094,10572 11566 34084 10614 42899
10912,10908 10910 10914 10909 14865
30067,21282 43130 8525 21283 27170
13834,13836 24094 13833 24812 8
27897,36768 41044 36946 45259 3351
23257,23260 13422 40264 17947 26853
2306,17947 25419 20954 17334 20957
18963,23625 7342 2329 23600 7340
3088,44982 27624 3105 44979 3104
40452,40450 40451 40284 7971 24441
3687,3688 22715 17947 31899 3701
18184,17947 25419 39580 20957 23276
20660,20657 39941 39936 21638 41250
10780,4625 313 17947 4651 37420
22230,35088 22233 10906 31030 36768
4454,31389 31401 7543 17947 31378
14748,12296 9416 41865 5107 968
21819,33046 14283 21776 21803 35499
2906,2882 2883 13728 13731 2881
10593,12683 12682 5417 39661 39580
29084,29083 29085 2688 17947 25419
6293,10853 8931 28631 33876 43271
42831,36768 15186 1302 30080 12712
6342,17947 25419 17830 19788 39580
31222,5766 44478 36768 3651 15004
5296,44801 5289 5304 5294 19399
27006,14741 17947 12155 25419 35475
19383,36768 18837 12712 12906 2167
37525,23552 17947 25419 2560 17830
20929,36768 37467 16806 37877 3351
30811,10200 36768 12712 42758 36946
1693,27674 26189 1686 25673 1681
9030,9031 10689 1403 7415 10810
14286,14281 31659 14282 6343 14279
40536,36768 15186 1302 30080 12712
5890,19063 10964 7445 43641 6288
9591,15734 9602 28134 9603 9936
43401,43380 43376 12880 43377 17947
13891,13890 13895 9539 5168 5907
7739,30666 7737 36768 12712 28467
3973,3972 11520 11286 3974 11279
10757,10760 10756 213 12372 35349
20564,41219 19099 6976 32692 20567
24288,33175 24283 24281 24284 17947
3207,9464 1334 1342 29906 17947
12882,29734 29746 29737 11648 29745
28859,2527 27204 32016 28860 25419
2370,2371 2211 12148 2205 3413
41782,41781 1856 41664 36768 41665
3997,37976 17947 37424 44399 23318
8971,36768 12712 24749 37467 16806
15312,24255 15320 41046 38752 33153
13530,37539 29593 34264 34948 5981
12684,12682 12683 5417 11565 39661
34509,34505 34508 34503 34540 34530
17982,17983 17761 24525 24520 24526
5375,5374 34899 18486 23322 18671
33295,18874 38918 17828 40502 38925
22944,36768 3351 16806 24749 37467
7269,31929 39916 36865 35110 12441
22288,22285 5308 6976 10909 5148
1720,1729 1730 1713 17947 1722
4117,28316 6245 17914 12125 4119
19313,19311 19315 19312 19318 19308
249,250 6976 5308 9844 10909
35126,35128 35125 35166 23392 35159
17915,17905 12375 27440 17947 18545
20425,17947 33868 25419 39580 25426
20668,20671 32289 17947 7271 17142
11715,15066 42891 2445 16112 15518
4832,37330 4830 9863 9866 12783
28385,28393 18802 18799 18798 18800
15015,15018 15019 37424 2127 24812
11121,30666 7737 36768 454 28467
45217,6140 45205 45213 5896 45207
7603,1241 662 4953 50 667
30164,30160 18683 23506 23709 19788
16343,10210 4981 5107 41865 38709
34157,34155 31911 31851 31871 31855
33956,13867 43915 13871 39910 15496
14934,41885 37560 37558 37554 37553
30432,30413 30362 30363 30423 26860
13203,13206 13210 5160 13211 9444
31358,44574 7965 40287 31351 40284
41342,23686 23693 23685 32186 23689
900,6976 32692 9844 10073 25375
12321,31785 12322 18273 19510 43150
40459,24914 24910 11389 21991 10974
12147,12148 12441 2211 12149 2205
868,871 9326 869 23506 866
497,493 498 494 11801 31678
19371,2958 19373 19370 2962 2952
16593,36768 37467 16806 9337 1302
4451,42989 12317 43603 10464 4579
40187,28227 36768 5554 26197 45259
45585,36768 37467 5766 28467 24749
23895,9713 764 4390 23877 23882
45195,45201 6976 5308 9844 10909
26920,26919 26930 24771 43166 12022
13451,11571 12676 10622 22550 10581
1731,1722 76 25032 27091 21803
5490,5502 7160 2722 17947 37424
2178,36768 2182 27416 1302 44705
42594,18134 1419 12982 1417 32487
24594,36768 10200 9338 9337 42758
38761,252 251 3439 43010 38752
9660,9657 9681 9666 9659 9669
29252,29254 29257 29256 17947 25419
45479,45485 45480 45486 24381 24378
16894,16900 16895 2692 4472 32401
11426,11427 11434 11428 11436 11431
10982,11441 10985 14281 4641 3688
23734,23720 23721 23724 17947 25419
45349,37817 45358 45350 44399 45354
40551,36768 36946 12712 27416 28467
15535,15502 36768 45259 25903 27416
13951,25044 25041 25050 25047 25048
31856,31826 31384 33873 17947 33543
16616,466 35428 17947 19787 19333
13611,13608 13598 13596 13594 13602
8510,43073 4417 30270 38775 38804
13737,17947 26425 25419 38804 36853
13860,40996 5554 5766 43110 37694
40214,40223 40217 17947 9639 17830
14169,14168 14456 26252 40663 31929
44881,21188 11854 41044 27416 37467
15788,39034 39035 27167 19595 10810
17593,31478 5766 27356 11777 416
22414,21332 26052 12906 33615 35491
23704,23703 23707 23709 41340 23706
29054,9442 13688 3840 29058 29053
15725,40296 15734 15731 19596 10270
13784,13783 13786 13785 17947 25419
4362,15820 4360 9735 17947 18753
10346,36768 45259 10200 27416 42758
43878,7315 43877 40989 40504 12522
4591,16176 39771 28297 34541 7388
43282,39836 43283 17947 7775 25419
7734,30666 7737 36768 45259 8880
7975,7974 7983 9551 7987 17947
23222,19456 19452 23221 44321 36768
38311,17947 25419 39580 20957 23276
31795,23261 38412 35561 3529 40941
11277,11518 36768 30080 16806 12712
13589,13592 13588 13603 37055 13608
6294,5364 14891 7445 10964 19063
36313,36315 36314 36317 32768 33490
26931,26919 26922 26930 18631 24905
15101,15104 15102 15098 15110 15100
39473,39476 12568 23520 12148 17635
8915,33539 29613 31083 40299 8910
21766,21768 21773 36768 5766 21767
5069,17947 40490 426 28698 25419
32589,32588 32584 32590 32585 14456
15052,15050 15044 15045 15049 15046
1515,3258 1470 17947 25419 1750
25817,31030 38385 25809 8880 36768
35115,23393 35124 23391 19605 23392
41371,24424 37651 31462 41071 35048
27844,27843 27847 27842 5766 38340
8922,3595 4465 40022 18942 8927
23331,36768 22620 16806 12712 42758
180,8865 23007 18067 33931 40526
41404,17947 25419 39580 23276 20957
22238,22237 24065 25780 2375 32189
1931,25148 29734 29746 29745 11648
7503,33704 18214 15211 36768 1814
43958,17947 16898 2692 31899 43961
9140,17947 25419 39580 20957 23276
25740,27049 33704 5766 36768 41092
13986,14000 14014 28725 28735 28759
12879,37693 30282 16653 32936 32078
28259,5766 36768 28801 9066 416
36639,17947 25419 36203 39580 20957
2655,2661 2654 24374 17947 28631
37347,10750 36925 36768 12712 5863
43992,43994 43993 34844 7286 26051
38155,17947 25419 17830 19788 39580
18324,24828 30574 2375 454 12047
32323,32302 32298 22715 17947 25419
10474,24920 15409 12827 36768 37467
12069,12066 13485 5766 41919 1281
31648,31628 31647 31649 11069 45568
41226,43424 43426 43432 4956 4955
22915,22914 17947 25419 39580 20957
28597,20954 20957 17947 25419 23785
39026,39027 44284 25059 15374 5161
33937,33935 33933 17947 34003 36475
16944,43228 43230 16947 16946 34493
14917,36768 12712 16806 25903 27416
14909,2155 2153 31692 14905 14911
23841,23846 36946 19608 36768 27416
18902,39081 1461 17947 19787 35415
33676,13139 7494 10987 11566 15196
29140,24249 1384 619 5851 4487
33616,33615 36768 23963 5766 8761
25225,25201 25210 26226 42719 42701
51,53 177 35652 25853 17947
30028,45604 23925 36310 23922 23926
12083,8495 12458 12461 24374 19298
11556,11548 11550 11552 11549 23824
1510,1509 1495 1491 1463 1470
33537,35252 35249 18489 35255 35244
10785,4627 42425 37420 3875 4651
1848,5211 15195 10987 37186 5364
11005,35313 28860 10215 5794 30629
25177,25175 25172 25174 25170 25171
33775,33768 33774 33771 36768 37467
4300,1710 20323 15820 8822 4360
534,39806 17947 36681 13786 25815
38855,44469 45557 29923 44471 29658
35090,33704 18214 22095 15211 21783
18241,18245 18243 18246 38153 18384
182,36768 41073 15186 10713 1302
35261,35252 35249 18489 35255 35244
24472,6976 9844 10909 5308 9010
35100,39580 17224 2843 36853 23552
19914,19911 19913 19910 19908 19912
11021,18383 11016 11019 30323 31174
6089,33682 44296 20879 6524 39799
42932,42929 42934 9827 25260 40284
39535,29632 37083 37819 10539 28441
30002,3916 30005 29999 30001 44759
30118,15241 24178 5358 13145 960
3692,3688 3701 3690 3698 29639
29879,17947 29881 10263 3734 25419
12912,32778 12916 32779 43937 12918
34898,4373 28876 34899 15196 15195
6475,39382 2688 6460 17947 6466
28381,19108 28382 19104 19106 19103
25245,29092 29093 25242 25248 13423
36072,15881 11588 2 18405 5907
35574,15276 15273 41250 10427 35669
38750,2968 37815 2965 2971 2973
14031,14033 14032 41861 25806 8574
22068,22072 22065 22070 2015 5766
26410,17947 25419 39580 20957 2560
32650,18414 14326 15622 33015 3695
16329,16427 16371 16307 16312 31299
11514,3967 11520 3966 30258 17947
24863,24858 5957 6129 13040 7724
30968,30966 30969 1595 28173 39476
23017,131 3554 5766 1255 44100
20417,16686 17208 356 16682 348
7708,12274 12059 36768 5766 36266
42797,42802 42798 14378 5766 37736
29478,36768 16806 10200 45259 36946
8428,16898 2560 32773 23318 17947
14214,24424 9746 11178 32585 44930
23692,23686 23693 32186 23685 23689
18385,18384 655 658 17697 33411
14029,14033 14032 14026 18750 25190
44628,23552 17947 16268 11565 18956
1879,1877 17947 33169 7422 13215
9864,9875 9866 12783 4836 4830
15673,15785 15782 37424 17947 17830
8768,25419 36853 30836 17947 16898
37328,17947 32823 24596 25419 35514
1381,18135 960 2956 5139 7624
4631,7445 19063 10964 6288 14891
2541,2539 2538 2543 29565 1914
10126,35986 44521 42604 41993 24626
30343,30363 30362 30413 30423 30349
21321,14485 17947 22426 29313 7422
16,17707 8706 14 17059 18
7721,17687 7717 7724 7718 17688
10965,10988 10967 10987 15195 5364
22198,32165 32155 32160 17947 25419
35047,24001 35048 23859 22298 22302
4165,27039 45025 24473 13194 30621
18310,24257 31607 31611 31763 12319
11373,11376 11372 34852 22580 407
2319,14289 36768 5766 30080 25903
30357,30358 30373 30385 30379 30352
28029,28025 28023 6654 17947 16546
44254,29868 10826 10832 24180 24179
40531,27445 8964 17947 2527 25419
2373,15241 7784 13615 32929 11566
2372,2371 25419 2560 30676 16898
14542,36768 28467 42758 9337 27416
24929,41044 1302 25903 12712 16806
9585,30681 8675 9567 7572 25150
11831,12125 15678 36652 11938 28796
154,17698 5685 5696 153 160
22804,22817 22801 22786 22816 22805
12855,12851 17947 25419 7118 39580
5132,5131 17947 5134 30562 25419
31100,31104 31103 31107 31098 31101
38471,44824 35350 38458 38457 38461
40384,40387 40378 40379 40376 40385
4696,4698 4700 4692 17947 4070
1561,1591 1586 1572 1585 1577
19686,20868 20862 20867 19683 19672
34612,2218 31814 40816 22557 11900
11551,11550 11548 11541 11553 23824
23722,23721 23724 23720 17947 25419
35268,33932 13138 13149 5766 25780
10002,12095 31107 41537 28427 35846
4100,6971 5514 34985 6245 38918
24613,24612 19381 19386 19384 7559
3940,36768 30080 16806 3351 25903
44146,44160 44157 44164 36768 44149
6326,6329 17947 25741 25419 44826
25779,25777 16619 16621 17947 28173
4035,4681 4682 43419 30160 24596
15974,11785 11777 15972 15003 14861
19476,19474 41044 28467 42758 9337
33353,21091 33883 4372 32289 40223
5419,36303 5420 19137 5415 5414
42389,30 17683 18419 11566 15195
4799,5306 14891 10964 14497 43641
19022,406 403 28701 11766 11767
19807,19808 19809 17947 19803 23552
20026,20024 41999 20021 20022 20023
870,871 9326 869 866 9325
29584,17947 3583 27091 25419 76
22436,17297 17947 25419 17292 39580
24379,24378 45486 45485 45492 45480
6217,6216 6220 6221 25419 36853
43504,34318 3357 4 4256 43509
32508,10572 39988 8127 7126 32506
33837,33838 36768 41044 42758 44705
16928,17947 25419 36492 17224 17334
1328,1351 1327 1338 1326 30290
2781,25993 38044 10464 19134 28056
26780,13954 12932 12931 12933 4580
11655,29734 29738 29737 11654 26913
30399,30362 30363 30413 30423 30349
15900,7041 7037 7055 7054 28184
25154,25153 25152 43755 13632 17947
14313,658 160 18243 5685 153
23002,23013 23001 23000 41348 23010
38773,38775 8506 8508 43370 22680
18053,18016 18064 18041 18055 18057
3759,3750 3765 18455 19496 17039
32668,44514 22076 10570 10575 13446
18610,21557 21550 21553 21581 39916
22807,22817 22801 22786 22816 22820
26253,17947 25419 39580 23276 25426
9156,16175 43440 4066 9153 2692
34161,41315 28657 17496 38401 10013
816,830 10987 827 5211 15195
13762,12193 12723 39476 17947 44921
9923,9922 40146 36768 12712 16806
12618,12645 12622 38340 12615 38344
5770,6003 17947 5991 17292 25419
28356,681 16726 35926 28511 36768
15887,3311 36768 3918 10200 16806
45057,44987 44988 34050 34052 10698
34087,15734 9602 9936 9603 28134
21621,21609 21615 21613 21624 22539
19382,24612 19381 19386 19384 28409
36926,33493 36925 33838 5766 33498
7244,3636 865 10917 1618 28187
33835,36160 17334 18753 33833 38656
1402,16374 17947 16898 25419 16379
26184,3469 22 5766 5855 36768
24945,24944 6671 6329 11069 44520
7010,7009 33158 33155 33157 14350
25268,25282 25278 25279 25260 5766
15136,36768 9337 12712 37467 1302
11371,11372 11376 7661 6976 9844
7337,2327 18966 18977 23591 7339
16033,10115 16175 10079 13930 10080
18878,44684 18879 36853 2560 17830
8074,5766 29320 28585 25812 3900
29627,40894 19674 5766 12522 2551
24583,2956 960 18135 24178 7624
31204,4488 4487 36402 5766 36768
13,8694 15241 32929 7784 11138
25102,25106 25101 23753 23552 25104
1516,1526 1532 1519 1530 3258
5883,5881 5882 5885 5886 9796
28553,28541 28547 28543 20075 24374
28915,28917 25027 18005 3587 31421
15819,5176 40139 38752 15023 31185
3042,3040 17947 3047 25419 39580
4008,1428 10073 6976 4006 9844
32576,35120 35163 35116 17259 27788
16793,14497 4407 43641 17061 3636
31332,43781 31331 43758 43824 31341
22877,22871 22874 4944 23318 123
5891,45213 5896 6140 5893 45205
11038,18370 18348 18349 18361 18350
14285,14282 31659 14281 14284 14283
18564,24073 24066 24048 3117 18574
17608,25993 40386 7861 23608 43084
33817,33821 21665 41033 41664 33824
10992,10969 32823 25419 17947 36853
13659,13654 13661 13658 13667 13662
33724,33722 37435 28187 865 10917
13383,13382 17947 25419 39580 20957
34495,34542 34530 10701 34539 13856
15096,15098 15102 880 15104 667
3298,3302 3303 16530 16556 16528
2615,2255 10222 17011 13649 22951
30294,1338 30290 1351 29907 9438
2353,16726 36768 8880 34892 5766
38522,39623 39622 39624 39307 12018
9493,17947 25419 9487 9498 36492
15348,25780 15186 36768 37467 16806
21031,31761 21032 19508 37057 24812
35895,17947 35896 39382 25419 39580
25241,29092 29093 25242 9454 25248
11341,11326 5198 11355 11359 37408
20239,20234 20240 20238 20235 205
18413,15023 36768 13149 38752 44705
31182,31178 40021 698 15764 31181
13807,13814 13867 13878 43910 43919
27826,27831 27822 27825 27823 27829
44325,14567 44323 14566 14560 44353
5691,4936 12853 7118 12854 7135
2282,9888 2287 2281 12477 9924
27500,4287 39749 10789 39748 39747
16683,16686 356 16682 17208 348
4060,8486 3631 5766 43166 36666
676,23552 4287 24403 25419 41468
17878,17893 28340 17880 17877 5700
7230,6984 17947 25419 39580 38804
35602,35543 35633 35578 35558 35561
3660,3664 3659 3661 20097 3665
21753,21739 21752 21751 21756 21742
41518,36535 19780 26853 36438 17362
34082,34080 34081 17947 3529 43548
17783,40491 26051 38786 43755 17947
17426,31880 36768 1584 40706 20157
30044,43082 38300 30043 1467 32338
24497,11159 25025 43548 18962 24510
40870,40894 40884 40891 40889 36768
10545,12803 11013 11785 14861 15004
37674,37675 37673 37678 2928 43037
3758,3750 5015 5308 1241 6976
33744,36768 1302 9338 45259 42758
37848,25379 37854 37852 44787 37847
25120,30386 36768 39365 30371 27416
16313,31300 16334 16340 20928 16336
24217,17722 24220 24218 13238 38686
40331,11003 6424 6858 6425 6422
26092,9486 37858 26090 11707 2423
685,3072 681 28227 41044 42758
10814,29873 25419 23552 39580 4287
17437,2104 10238 5766 32679 45515
99,34902 9100 22197 19949 6640
38198,29124 43545 25510 34444 10810
18420,17947 14741 2843 25419 39580
12570,17947 23552 37424 25419 17277
14472,14476 14479 14477 17947 25419
5171,4900 5308 5148 17250 10909
20941,20944 23336 3736 37638 23637
1984,5337 1990 11026 31242 1982
5316,16543 45583 3580 13075 5766
7741,30666 7737 36768 454 28467
19997,19998 36768 36946 16806 12712
18365,18361 11037 18349 18362 18366
30626,30622 17334 38656 32487 11154
4704,36768 4703 34892 45259 45516
20258,36768 11854 45259 16806 9337
26009,9913 26012 9912 36768 45259
26603,26599 26596 39580 17947 25419
4658,36768 16806 45259 24749 36946
11339,5937 44067 313 42040 25419
3420,3425 3413 3418 3417 3422
24450,15186 24749 36768 9338 3351
33131,33133 33130 12941 10112 32401
24784,24782 24781 24780 24786 24787
21322,21324 21330 21325 21329 17292
3679,3711 3682 1241 667 4953
12445,11777 2204 36768 33993 27416
32946,14870 33577 33569 32947 26596
3525,23710 13622 866 31507 35882
10606,10594 13446 10575 25473 32679
44781,44783 39000 7103 42162 29545
5797,12296 4900 17250 9416 5148
3476,15956 15930 3464 15924 41044
793,797 40622 15731 42078 22312
12049,12050 12053 24658 34687 21315
4315,15502 15518 16710 40139 15497
25855,25852 25848 25850 25853 25849
35805,35806 35807 7023 7027 35810
2109,32610 12526 12532 17947 17297
2028,1568 28913 5766 1566 29967
22482,31976 25881 25875 30965 34895
24037,24040 24064 24065 16063 24073
29091,16806 3351 24749 25903 1302
33356,34706 38401 17040 1658 17045
18844,18852 14946 14941 18517 18854
16675,36768 44705 30080 25903 42758
28396,24832 9623 9622 40694 9626
6184,12703 13228 45092 31172 37326
31465,31462 31466 33013 33015 33017
42698,36768 9337 42758 36946 15186
3886,3895 39339 8298 38153 15111
3744,3743 3520 18455 5766 4817
17632,425 9350 36507 9351 25457
9529,4524 25419 36853 18765 8
32691,10624 21931 8829 12676 10622
5488,17947 25419 36853 39580 20957
15779,11566 13615 15196 11138 13139
19352,19350 19351 17005 36768 5766
31071,17947 23552 4287 25419 39580
1883,1877 7422 11862 17947 18637
20549,20552 397 17947 39580 25419
16728,19056 18831 14054 2445 5766
31093,32919 13113 3167 28913 16726
22284,22285 3717 6976 32202 22289
38746,37815 2968 38804 2965 43073
40318,6855 40312 40339 6856 40314
43375,43376 43377 43380 43399 12880
28692,28687 28699 28695 28688 28694
28887,16546 15318 15294 15336 17947
32422,32456 32426 16431 32437 32438
7789,330 7769 7793 7777 5981
30978,8178 26575 30982 30981 31004
18655,18829 16806 36768 9338 27416
1378,1373 1796 32780 12918 1374
43798,43826 43799 31333 39941 43781
25198,3449 36461 9427 36768 2019
130,36768 2126 10200 27416 12712
40395,40379 40387 40378 5308 1274
19135,5414 19137 5420 36303 5415
25295,26576 26575 28524 12328 23525
34207,34200 3056 3053 3055 37976
25698,25701 32919 7062 13060 20051
24569,44046 31004 36768 2126 12712
22916,22914 17947 25419 39580 20957
10867,38401 41996 44215 34852 9796
19580,19593 19581 13444 10607 19587
23961,23964 23963 23950 23955 15650
27590,17947 25419 39580 20957 25426
6899,6902 40436 26723 26725 25419
38924,36768 27416 36946 36402 9337
155,658 160 18243 5685 151
23845,23846 23848 23847 20873 5766
36262,36259 36261 36768 45259 15186
2203,15881 10210 4981 17245 18405
42001,42012 42010 41994 41993 41996
21012,21004 14485 18683 4339 23835
2095,2099 2094 2107 17352 2093
35111,17280 5545 17277 17276 17279
2307,5255 17947 25741 25419 44826
16779,16782 16763 16767 16776 5766
5966,36768 28617 21107 12712 5766
3657,20097 3656 3665 3664 36768
872,864 1425 45503 4006 1429
7052,28184 7041 7037 7055 7054
25191,29788 13285 29791 10990 14712
26254,10537 2586 10536 13425 6245
43555,43554 16141 43562 9696 5766
8533,8523 8532 8536 8522 8582
43932,43924 43929 43925 43926 43933
19254,19193 19279 19199 19263 17947
41659,41664 41665 36768 44705 10200
6302,17947 23552 4287 25419 17830
11346,11337 11347 6149 11334 11352
5175,7501 13485 18403 41044 18404
35246,35252 35249 18489 35255 35244
19081,19075 19078 2182 36768 5766
25226,38338 38560 5766 26588 26591
8953,40440 29044 19057 3273 7445
41492,43342 43340 43331 43335 41489
19485,447 453 10006 19484 463
12964,12965 12960 12961 12958 1419
42311,42323 36768 5766 16074 3651
45280,823 829 822 821 18937
7343,22095 23637 36768 20157 41088
42625,42622 43051 43058 43059 43063
18089,16390 18022 16394 16379 16396
44511,44514 9066 11075 36768 15186
423,7838 7830 425 422 420
31486,31481 31483 31482 31484 20164
6545,6562 6557 6572 6556 6546
14663,27054 14349 35223 31364 15379
14644,5210 25996 25992 4144 24875
15295,23643 18967 7352 20381 25780
13609,13608 13596 13598 13594 13602
28485,28488 1307 28483 28484 28482
28,9791 43641 24770 865 3636
4540,21991 36361 44217 11854 36768
9799,16718 16720 32078 16716 16717
10939,17947 43476 25419 31401 39580
42054,1419 17947 1417 25419 2560
12627,38344 38339 12645 12615 38340
38717,24956 40220 29593 33344 29589
41485,43342 43331 43335 41489 43340
39904,39905 39906 39902 25934 39088
8771,156 42641 8766 25868 8767
26344,17947 34229 32823 20913 37976
38341,12645 12622 12615 38340 38344
24047,24050 3119 3120 37909 3117
27607,27609 14786 5766 12473 36768
44183,44181 17947 25419 2046 25741
24783,26571 24785 24787 24788 24786
41851,41664 41665 17015 41663 41661
1317,1318 1315 1320 1322 1445
39357,39359 39363 39358 39361 39365
10996,13276 43287 44433 5766 37638
27151,24828 30574 2375 454 12047
17603,11611 17601 17602 27091 17600
43526,43529 43527 9216 5766 27737
13448,11597 5853 13446 10575 10570
32281,5874 12317 22474 40262 40264
15688,15691 27779 15690 27776 27780
15373,15245 15298 28850 5898 31
28935,41044 15186 9337 28467 1302
14258,14257 35454 23824 4664 4662
4337,35431 35413 17947 25419 39580
12447,28917 12448 41005 12451 34444
12533,41044 44705 27416 10200 28467
8559,8523 8532 8536 8522 8537
35291,35292 9350 17039 35295 19099
39505,39506 39501 39510 39503 39504
38549,39543 39539 39542 39541 6781
1391,17947 25419 36853 39580 20957
14812,10760 13285 10792 22095 18341
23292,11013 23297 14137 23290 23293
36140,25510 2907 19295 4945 18297
23849,21107 36768 16806 1302 15186
19578,41154 36768 45259 10200 27416
32213,25780 36768 44705 36946 24749
8881,36768 8880 25903 10200 30080
5530,5527 25444 19118 43723 13943
39077,16193 33873 17947 32994 6343
45495,45503 1429 23186 33699 1425
43087,2412 29222 17056 5310 31899
24985,24984 24979 21609 24980 11184
38426,38429 31925 28105 11671 36768
7847,7845 2386 2389 7848 41773
19786,19788 23552 17947 25419 39580
13440,10603 10614 10585 10583 10629
11437,11449 11439 23552 4287 25419
44382,28637 44559 28634 26097 28635
1685,26189 1681 27674 1686 30836
4796,12722 5306 27323 5308 5364
16271,41044 9337 45259 36946 15186
7348,2327 23588 5912 23603 16546
7997,7974 9648 44185 7983 7987
44513,6329 44520 11069 44528 17947
8214,17947 7271 25419 8927 39580
12545,12317 38346 13943 43283 27689
34897,9539 13895 15241 7784 32929
32893,32942 39046 39045 36768 5766
4991,41329 34229 34224 32813 11431
37040,37036 37033 37032 20343 37034
11516,11519 41150 11535 11285 3972
45310,17804 17947 35206 9987 25419
13916,31420 17947 11623 11627 25419
828,824 826 28585 18937 36768
302,45193 297 299 296 20410
9282,25426 30349 15937 30590 17600
38826,36768 3351 28467 12712 15186
12300,17233 12299 12302 12297 32094
10656,10718 36361 36768 2756 16074
40048,8213 12365 10528 17947 17635
15472,15501 15428 15420 15452 15425
12080,12079 45604 23922 39476 12081
30397,30411 17947 16077 25419 14905
2495,2501 2494 8917 1955 1559
33192,6823 33198 33194 18136 33191
45444,36768 28467 45259 25903 16806
18640,4641 20410 5697 23790 2046
8373,33699 22242 43817 31004 29776
7430,36768 45259 3351 9338 28467
16299,28187 10917 28186 3636 865
13793,13785 13786 13783 23506 19788
14063,12328 17947 25419 39580 38804
21608,21615 21613 21609 2499 23937
13653,13660 13666 13650 13658 13649
27005,27002 26999 27001 6628 27003
2581,1634 34852 27548 5528 23242
10732,27456 10594 36195 37238 43424
13063,13075 13074 13067 13060 13068
12975,12982 18134 12980 8853 1438
11728,18722 36768 41044 16806 12712
4924,4922 4925 4926 4921 20051
23740,23721 23724 23720 17947 25419
25803,25814 25816 38458 15331 26214
31340,43799 31333 43781 43824 43758
25623,9866 2126 44046 14768 22726
35052,17947 37052 25419 17276 39580
14770,22325 22326 22321 22322 18136
29456,32139 32137 32138 38461 41055
24431,24432 13835 13836 13829 13833
33810,1849 33808 33820 21686 6854
21010,21004 14485 18683 4339 17947
15714,27779 15691 11990 27776 11993
1433,43180 7006 14350 1417 1438
40636,40640 11801 13238 42143 39093
6273,17947 25419 17334 38656 39580
1,2 15881 5907 1934 7613
11036,11043 18370 2019 1584 36402
12571,30856 22691 22686 32075 9666
33025,18762 33030 399 33024 33026
25192,29788 13285 14712 29791 22095
27523,9416 5107 12296 890 7624
1192,1193 1188 1191 24028 10568
13591,13592 13588 13608 13603 17947
10417,29313 18962 12143 6984 32298
45292,45288 45291 394 38674 7415
16966,16468 16965 382 17947 25419
27277,27269 4372 13421 29738 25454
43278,24787 26571 16721 37231 24786
28022,28025 17947 25419 20954 20957
27059,39829 17947 25419 39580 11428
12590,12577 12581 12579 12582 12586
11323,17947 25419 39580 20957 38804
28650,13061 32328 32329 18603 27345
37077,37074 37070 37072 37076 37073
22470,29533 7697 22472 19409 27049
14680,14666 28913 23060 39440 14808
28863,28867 28866 27298 24119 28865
12052,17947 25419 32823 25741 39580
32400,32414 32401 32410 32398 13020
30366,30386 30371 30367 30368 30429
3852,39382 17947 8141 37055 24520
27515,27511 27507 27514 43074 39392
43988,25150 44538 16710 5853 5766
9245,9253 9236 36768 15186 42758
26101,26097 28635 44559 28637 28634
19619,19614 19618 19613 13485 36768
13800,36137 40364 36768 41129 41134
39242,1342 32427 18246 25587 21323
13968,9558 41258 36768 39392 12712
2289,12477 9920 2281 9919 20351
32639,34605 22885 5766 36768 12712
8004,7983 17947 7987 25419 24520
3014,38640 3006 38638 3004 3003
29705,36768 3710 12712 3351 30080
44450,44458 44455 13379 17947 25419
36336,36340 36334 36338 33853 11106
27415,27410 27413 27411 23520 23526
5558,20343 34852 19683 14427 19672
19687,19683 19688 19672 20862 19685
35729,42898 42899 10987 4934 5364
19257,25903 10200 9338 42758 28467
7064,28416 28411 28420 28419 28409
14098,14096 37471 1896 22348 707
25078,37424 23552 4287 17830 19788
6527,6543 36768 27416 36946 9338
18546,12941 12939 1438 32401 33133
33458,33457 33453 33454 33441 33455
38585,13964 16021 36768 36402 1302
2988,32408 17546 17557 1947 17544
6694,6668 6670 11075 31456 6332
11511,3972 33159 11535 11286 11285
15683,20957 17947 25419 17142 39580
12398,45631 45634 45633 44153 12401
2022,39916 1576 44217 36361 1568
30347,30363 30362 30413 30423 30349
42198,31260 31229 34766 31227 24671
21070,21075 10687 19797 21073 14075
45035,45041 45046 14926 31678 14927
22219,35244 12225 36768 5766 13012
2549,292 290 288 291 20398
40152,36768 1302 16806 30080 24749
3853,21782 36768 28467 9338 24749
5322,17947 35561 25419 2153 31692
11289,3977 3939 3938 3966 3967
7104,7103 24910 24917 24914 11389
44236,44246 36853 25419 17947 17224
32053,32070 32060 23926 23912 16802
23870,40640 13939 17292 10173 17947
987,27171 27167 27168 27170 1218
12505,4934 10987 11566 11138 15196
9012,43076 16093 44621 28074 36569
22424,22423 22418 22425 22421 22420
32640,32626 34605 34871 32637 34873
8551,8536 8522 8532 8523 8537
1312,36768 21107 7955 13149 27416
38150,18835 18846 14948 18853 18520
12444,12148 12441 12149 2211 2205
24729,24725 24751 24733 24737 24739
7600,28086 7599 7598 22176 23877
8682,9566 15195 122 10988 5211
38128,36768 27416 16806 9337 45259
31099,31103 31104 31107 31098 22686
37491,36768 20367 28467 9338 42758
23183,5937 11320 44053 44067 5934
7700,12230 12275 7714 7707 12274
13837,13835 13831 13836 24432 30
35924,43166 28468 32075 5766 24893
40951,17830 17947 25419 39580 20957
18990,13285 27323 821 25941 20398
15817,8988 29533 5766 4144 32961
43927,43926 43933 43929 43924 16006
33668,13131 13136 13137 7494 13139
41662,41664 17015 41663 41665 41661
29581,29580 29579 11566 7784 15241
10518,10495 23080 10529 10514 10528
41361,40484 15023 40483 36768 28617
20249,42434 20253 20250 109 20367
168,33032 41258 36768 5766 25903
32514,42040 42051 32520 17947 1419
30365,30358 30385 30373 30352 30379
9633,9623 24832 9626 33554 9622
25021,25669 18762 5766 9828 27200
7665,15862 22082 7674 22114 37106
29919,29923 26175 29922 44469 44471
6106,6109 6110 3870 2855 37811
12466,36768 42758 36946 25903 10200
40465,27557 16809 41541 20848 29075
29976,8917 29979 8916 8919 17185
26071,478 1744 5766 28913 44217
27932,41559 43759 25065 27737 13985
8661,4465 10147 3597 3581 3583
6644,3918 36768 1302 9337 10200
2486,10570 38752 1804 5528 30229
13752,14032 14033 7045 14026 2508
32276,13076 4408 33608 25419 17947
21671,21686 11138 11566 15196 10987
25933,25941 25934 25946 25936 25932
9517,15195 10988 11566 17683 122
32709,41261 10575 37262 41264 26800
24394,19608 11635 18826 5766 23846
3402,36768 36402 10200 12712 45259
9841,26069 23533 21494 37169 27548
13540,13541 13494 13538 13547 13489
25037,17947 25033 25419 25034 39580
19542,19546 40145 13470 25419 17947
32129,25419 17947 20972 17224 36492
9516,28881 14891 5364 10964 7445
12843,12842 12841 12844 12840 22339
38723,43255 33768 38724 23438 45194
15826,17947 20954 25419 23552 4287
39173,39175 29738 12648 44933 9386
28251,28250 28249 28252 30 40223
19469,6976 5308 17020 21188 10909
40388,40378 40379 40387 40376 40385
25051,25052 25053 25055 30 13615
7370,44399 5912 29685 15294 23588
36536,36533 36530 36532 36535 25743
10787,4625 37420 4651 9786 4641
38510,32498 17356 17947 5362 2211
33992,5901 11657 36768 36946 10200
1846,11413 5168 1852 1845 4900
30351,30386 30429 30371 30367 30368
11176,11178 36768 25780 42758 28467
37546,31693 2153 31692 2155 14905
28257,31929 28254 18287 22460 18290
36252,16187 16184 31092 31084 16182
42355,37424 3529 31401 17947 23318
38570,36768 27416 36946 15186 9338
25129,25685 17947 25419 39580 15221
1459,1440 1444 17947 17277 25419
7266,5766 22350 5843 36768 19180
37195,37191 31615 39829 32823 17947
42819,42818 9350 37343 9352 9351
16897,16898 16895 16900 17947 25419
11119,30666 7737 36768 12712 9338
18579,41551 36768 45106 5766 42758
4221,36768 30080 15186 1302 12712
17671,7961 36768 1302 25903 15186
44187,28185 28190 25419 24812 17224
12845,12844 12842 12840 12841 123
61,2315 17947 25419 39580 20957
42955,12662 12661 12665 12658 42956
45378,11766 1243 34762 131 36768
25707,25708 25709 17947 27204 23809
28195,28194 865 1618 3636 43641
24887,24899 24898 24880 24884 36768
14002,13988 2860 29185 20097 20934
19398,44801 5289 19399 5294 5304
31960,25965 21545 44508 23206 44509
7946,24089 15603 17947 8255 32975
10206,10205 10208 10204 17947 10203
4739,2749 22538 4738 22306 3384
43779,43821 43792 31333 43799 43812
1542,41675 1540 34435 1555 1549
10075,45572 16004 20468 24777 24775
20420,277 11963 20423 45533 45529
28898,28902 11130 18055 18057 3849
2067,2071 2074 2078 2072 31904
36368,35048 31030 25332 22861 3418
25516,25517 36768 44705 10200 28467
27418,27424 12047 30417 16276 27420
34266,6640 42424 1121 3302 45420
40485,3900 21545 3916 3918 5766
45530,45533 45529 24634 15194 26090
9540,17947 25419 2560 16898 39580
13590,13588 13592 13603 13608 13598
12000,17947 25419 39580 2560 20957
400,20800 24789 399 29726 11762
6862,5015 6870 9957 6872 6871
32812,19152 32810 6655 19165 19172
12114,12120 12118 19563 19178 7724
37860,37863 19072 19067 29378 24346
24056,37909 24058 11159 43548 44921
15651,19164 19165 15647 19155 19148
2673,3025 12513 25510 3368 41885
22868,22875 22867 22874 36641 22871
29152,29150 29151 29153 29155 29154
2390,7845 2386 2389 7848 41773
32424,32439 16435 32435 15676 32421
34385,19165 15647 19164 19148 19155
11494,11907 6551 11908 9873 6557
25365,25367 40440 19057 3867 903
42180,36768 42758 44705 12712 15186
28053,44958 17947 43380 6549 5402
28372,28369 40763 16276 14326 2698
16986,16982 23524 23276 17947 25419
2309,17947 29873 25419 3529 23552
44128,13285 29421 672 2211 16627
16477,16478 16480 16501 16514 19858
42880,36768 12712 10200 25903 1302
13105,13106 13107 36768 30080 42758
20809,394 397 29435 19445 17947
14312,3710 36768 15186 36946 3351
14591,40663 14583 8910 15060 33539
9345,9350 9351 9352 25458 25457
30774,30771 17947 25419 39580 20957
14647,5210 25996 25992 14349 30889
21618,37736 21615 21609 36768 1302
6528,31623 6526 6540 6543 6541
22649,31107 31103 31104 22686 31098
19243,19199 19193 19279 19263 17947
24816,24812 24814 24820 24819 24813
14248,5220 7246 29290 37766 41103
9593,15734 4979 9590 9592 4981
18025,18039 16376 18017 18061 16388
9644,9646 9652 19100 30557 9639
45036,27550 17947 11000 7286 41111
8335,38242 6339 6335 43271 8204
6690,24953 31456 6667 6693 24949
34,18135 960 24178 2956 5358
28567,28557 28570 28569 3701 28566
32349,27054 40450 3471 43368 40451
31270,31227 31267 31260 31229 34766
44231,44229 44230 23788 18526 4241
2584,35986 15190 25510 29934 40995
14043,25171 15104 34762 27971 33546
27425,27427 12916 32778 1405 43937
24524,8627 17766 24525 24521 17770
28562,36768 28564 28565 3351 37467
27297,27315 27313 30429 1384 44217
22739,9298 22718 22727 22726 22725
7034,7037 7041 7055 28184 7058
43344,41489 43343 41486 43335 43331
41804,29579 18405 39988 21787 11588
32295,17701 31555 32298 32302 23968
40200,33512 3711 40440 6334 6288
23577,23576 23581 30368 11766 15378
23243,23240 23236 19462 23237 36768
14606,17947 31401 25419 31384 31389
23404,17947 25419 30622 16898 39580
17850,17730 2314 17733 17846 2305
45369,2176 37585 25148 20962 41044
14385,43618 4700 13469 26130 43619
20287,2010 2015 2011 24572 16710
44145,15672 44160 44151 44149 44158
29474,33017 11878 16802 26134 45557
30820,27526 27528 31154 30818 27525
17412,8917 30913 23240 35254 21991
13270,42573 31072 9253 31082 31080
26239,26237 26236 26240 32338 17947
11089,25419 17224 36492 32823 23552
22063,36768 11854 22070 21280 27416
25492,30645 30646 14142 25489 25491
37722,36450 33536 36609 33532 43661
4605,14300 36768 41044 28467 16806
31676,36768 16806 27416 36946 45259
22201,35419 35428 35406 17947 11434
22741,22733 9301 22718 22745 9300
12724,35710 30193 30194 30190 43819
15704,11995 11988 38804 17947 25419
36348,32165 32155 32160 17947 25419
28375,28370 28369 28377 40763 21535
22332,22325 41092 11601 18136 27548
4623,36768 12712 28467 27416 3351
35050,35048 22633 1387 1164 35046
45181,45179 45182 41919 6572 11751
19393,19390 17947 25419 24612 39580
34298,41952 34307 41979 34312 34299
4675,14235 4677 4673 4674 27451
11809,33699 22242 20164 45574 5766
2378,28566 28558 28561 28559 17947
3280,17701 31555 27091 13360 31384
703,667 26913 1241 1869 4953
7585,4341 42211 14414 17724 2010
2885,2887 2886 13619 13620 13621
23840,23846 23848 23847 36768 20157
30117,30143 30129 41887 30128 30125
12249,17947 23552 25419 4287 39580
42652,11431 13765 13764 13769 13767
12678,10622 12676 10586 32664 22550
39889,5131 5134 30569 30562 30567
25919,25923 25924 25922 38376 25921
34452,15195 122 18749 37186 5211
12846,12842 12841 12844 12840 17947
39106,39105 39102 25419 17224 36492
11796,11654 29734 29737 29746 11648
36606,36266 36768 19608 24598 24749
41908,41911 4256 43509 41907 10
22743,22733 22718 9301 22726 22745
44612,28389 35751 28393 18798 18803
1468,1463 3258 1465 1470 34436
32241,1620 18758 13260 33838 41491
90,100 13913 19949 85 94
12829,15409 3351 12827 36768 15186
1527,3258 34436 1536 37043 1470
9974,36768 28467 3351 12712 42758
26827,9099 15827 26821 17947 14913
14604,19100 5477 19293 20687 44896
23202,23204 23203 23201 3101 19503
10613,10586 32664 10620 32130 32689
38609,36768 25903 16806 15186 3351
27404,1073 15544 10541 23010 40620
2430,23310 41270 45436 7865 2423
21491,21495 21508 37169 22547 18817
14686,22344 16789 16794 10570 33477
1303,122 15195 5211 10987 6708
18761,18762 5766 131 36768 16245
42900,42898 42899 10987 15195 4934
14081,26237 26236 26240 27023 5766
8974,28913 41688 7477 7482 22623
11910,11907 9873 6557 6551 22312
45615,45623 45617 45616 45625 28868
8544,8523 8532 8582 8536 8522
14648,16234 25992 25996 13162 25993
20531,23297 12822 14326 2698 5528
16570,5794 17950 30713 5787 17961
